"bookTitle","cityName"
"Audio: After Dinner Toast at Little Menlo","Man"
"Audio: After Dinner Toast at Little Menlo","Most"
"Audio: After Dinner Toast at Little Menlo","Salt"
"Audio: After Dinner Toast at Little Menlo","Ho"
"Audio: After Dinner Toast at Little Menlo","Un"
"Audio: After Dinner Toast at Little Menlo","Date"
"Audio: After Dinner Toast at Little Menlo","Doma"
"Audio: After Dinner Toast at Little Menlo","Boo"
"Audio: After Dinner Toast at Little Menlo","Bo"
"Audio: After Dinner Toast at Little Menlo","Tak"
"Audio: After Dinner Toast at Little Menlo","Van"
"Audio: After Dinner Toast at Little Menlo","Lice"
"Audio: After Dinner Toast at Little Menlo","Of"
"Audio: After Dinner Toast at Little Menlo","Mission"
"Audio: After Dinner Toast at Little Menlo","Edison"
"Audio: After Dinner Toast at Little Menlo","Roy"
"Audio: After Dinner Toast at Little Menlo","Salt Lake City"
"Audio: After Dinner Toast at Little Menlo","Fairbanks"
"Audio: Go to Sea Once More","Liverpool"
"Audio: Go to Sea Once More","Man"
"Audio: Go to Sea Once More","Most"
"Audio: Go to Sea Once More","Salt"
"Audio: Go to Sea Once More","Liverpool"
"Audio: Go to Sea Once More","Ho"
"Audio: Go to Sea Once More","Un"
"Audio: Go to Sea Once More","Date"
"Audio: Go to Sea Once More","Doma"
"Audio: Go to Sea Once More","Boo"
"Audio: Go to Sea Once More","Bo"
"Audio: Go to Sea Once More","Tak"
"Audio: Go to Sea Once More","Van"
"Audio: Go to Sea Once More","Lice"
"Audio: Go to Sea Once More","Of"
"Audio: Go to Sea Once More","Mission"
"Audio: Go to Sea Once More","Jamaica"
"Audio: Go to Sea Once More","Roy"
"Audio: Go to Sea Once More","Salt Lake City"
"Audio: Go to Sea Once More","Fairbanks"
"Johnny Crow's Garden","Man"
"Johnny Crow's Garden","Most"
"Johnny Crow's Garden","Salt"
"Johnny Crow's Garden","Wa"
"Johnny Crow's Garden","Ho"
"Johnny Crow's Garden","Un"
"Johnny Crow's Garden","Date"
"Johnny Crow's Garden","Doma"
"Johnny Crow's Garden","Goa"
"Johnny Crow's Garden","Boo"
"Johnny Crow's Garden","Bo"
"Johnny Crow's Garden","Van"
"Johnny Crow's Garden","Lice"
"Johnny Crow's Garden","Of"
"Johnny Crow's Garden","Bear"
"Johnny Crow's Garden","Mission"
"Johnny Crow's Garden","Golden"
"Johnny Crow's Garden","Roy"
"Johnny Crow's Garden","Salt Lake City"
"Johnny Crow's Garden","Fairbanks"
"Audio: Nine Hundred Miles","Man"
"Audio: Nine Hundred Miles","Most"
"Audio: Nine Hundred Miles","Salt"
"Audio: Nine Hundred Miles","Ho"
"Audio: Nine Hundred Miles","Un"
"Audio: Nine Hundred Miles","Date"
"Audio: Nine Hundred Miles","Doma"
"Audio: Nine Hundred Miles","Boo"
"Audio: Nine Hundred Miles","Bo"
"Audio: Nine Hundred Miles","Van"
"Audio: Nine Hundred Miles","Lice"
"Audio: Nine Hundred Miles","Of"
"Audio: Nine Hundred Miles","Mission"
"Audio: Nine Hundred Miles","Roy"
"Audio: Nine Hundred Miles","Salt Lake City"
"Audio: Nine Hundred Miles","Fairbanks"
"Audio: Twelve Gates to the City","Halle"
"Audio: Twelve Gates to the City","Man"
"Audio: Twelve Gates to the City","Most"
"Audio: Twelve Gates to the City","Halle"
"Audio: Twelve Gates to the City","Salt"
"Audio: Twelve Gates to the City","Ho"
"Audio: Twelve Gates to the City","Un"
"Audio: Twelve Gates to the City","Date"
"Audio: Twelve Gates to the City","Doma"
"Audio: Twelve Gates to the City","Boo"
"Audio: Twelve Gates to the City","Bo"
"Audio: Twelve Gates to the City","Van"
"Audio: Twelve Gates to the City","Lice"
"Audio: Twelve Gates to the City","Of"
"Audio: Twelve Gates to the City","Mission"
"Audio: Twelve Gates to the City","Roy"
"Audio: Twelve Gates to the City","Salt Lake City"
"Audio: Twelve Gates to the City","Fairbanks"
"Audio: Alabama Bound","Halle"
"Audio: Alabama Bound","Man"
"Audio: Alabama Bound","Most"
"Audio: Alabama Bound","Halle"
"Audio: Alabama Bound","Salt"
"Audio: Alabama Bound","Ho"
"Audio: Alabama Bound","Un"
"Audio: Alabama Bound","Date"
"Audio: Alabama Bound","Doma"
"Audio: Alabama Bound","Boo"
"Audio: Alabama Bound","Bo"
"Audio: Alabama Bound","Van"
"Audio: Alabama Bound","Lice"
"Audio: Alabama Bound","Of"
"Audio: Alabama Bound","Mission"
"Audio: Alabama Bound","Roy"
"Audio: Alabama Bound","Salt Lake City"
"Audio: Alabama Bound","Fairbanks"
"Audio: Away in a Manger","Man"
"Audio: Away in a Manger","Most"
"Audio: Away in a Manger","Salt"
"Audio: Away in a Manger","Ho"
"Audio: Away in a Manger","Un"
"Audio: Away in a Manger","Date"
"Audio: Away in a Manger","Doma"
"Audio: Away in a Manger","Boo"
"Audio: Away in a Manger","Bo"
"Audio: Away in a Manger","Van"
"Audio: Away in a Manger","Lice"
"Audio: Away in a Manger","Of"
"Audio: Away in a Manger","Murray"
"Audio: Away in a Manger","Mission"
"Audio: Away in a Manger","Murray"
"Audio: Away in a Manger","Roy"
"Audio: Away in a Manger","Salt Lake City"
"Audio: Away in a Manger","Fairbanks"
"Audio: Battle Hymn of the Republic","Halle"
"Audio: Battle Hymn of the Republic","Man"
"Audio: Battle Hymn of the Republic","Most"
"Audio: Battle Hymn of the Republic","Halle"
"Audio: Battle Hymn of the Republic","Salt"
"Audio: Battle Hymn of the Republic","Wa"
"Audio: Battle Hymn of the Republic","Ho"
"Audio: Battle Hymn of the Republic","Un"
"Audio: Battle Hymn of the Republic","Date"
"Audio: Battle Hymn of the Republic","Doma"
"Audio: Battle Hymn of the Republic","Boo"
"Audio: Battle Hymn of the Republic","Bo"
"Audio: Battle Hymn of the Republic","Van"
"Audio: Battle Hymn of the Republic","Lice"
"Audio: Battle Hymn of the Republic","Of"
"Audio: Battle Hymn of the Republic","Republic"
"Audio: Battle Hymn of the Republic","Mission"
"Audio: Battle Hymn of the Republic","Roy"
"Audio: Battle Hymn of the Republic","Salt Lake City"
"Audio: Battle Hymn of the Republic","Fairbanks"
"Audio: Ain' No Mo' Cane on De Brazis","Man"
"Audio: Ain' No Mo' Cane on De Brazis","Most"
"Audio: Ain' No Mo' Cane on De Brazis","Salt"
"Audio: Ain' No Mo' Cane on De Brazis","Ho"
"Audio: Ain' No Mo' Cane on De Brazis","Un"
"Audio: Ain' No Mo' Cane on De Brazis","Bra"
"Audio: Ain' No Mo' Cane on De Brazis","Date"
"Audio: Ain' No Mo' Cane on De Brazis","Doma"
"Audio: Ain' No Mo' Cane on De Brazis","Boo"
"Audio: Ain' No Mo' Cane on De Brazis","Bo"
"Audio: Ain' No Mo' Cane on De Brazis","Van"
"Audio: Ain' No Mo' Cane on De Brazis","Lice"
"Audio: Ain' No Mo' Cane on De Brazis","Of"
"Audio: Ain' No Mo' Cane on De Brazis","Mission"
"Audio: Ain' No Mo' Cane on De Brazis","Roy"
"Audio: Ain' No Mo' Cane on De Brazis","Salt Lake City"
"Audio: Ain' No Mo' Cane on De Brazis","Fairbanks"
"Audio: Delia's Gone","Man"
"Audio: Delia's Gone","Most"
"Audio: Delia's Gone","Salt"
"Audio: Delia's Gone","Ho"
"Audio: Delia's Gone","Un"
"Audio: Delia's Gone","Date"
"Audio: Delia's Gone","Doma"
"Audio: Delia's Gone","Boo"
"Audio: Delia's Gone","Bo"
"Audio: Delia's Gone","Van"
"Audio: Delia's Gone","Lice"
"Audio: Delia's Gone","Of"
"Audio: Delia's Gone","Mission"
"Audio: Delia's Gone","Roy"
"Audio: Delia's Gone","Salt Lake City"
"Audio: Delia's Gone","Fairbanks"
"Audio: Heave Away","Kingston"
"Audio: Heave Away","Man"
"Audio: Heave Away","Most"
"Audio: Heave Away","Salt"
"Audio: Heave Away","York"
"Audio: Heave Away","Ho"
"Audio: Heave Away","Un"
"Audio: Heave Away","Kingston"
"Audio: Heave Away","Date"
"Audio: Heave Away","Kingston"
"Audio: Heave Away","Doma"
"Audio: Heave Away","Bay"
"Audio: Heave Away","Boo"
"Audio: Heave Away","Bo"
"Audio: Heave Away","Van"
"Audio: Heave Away","Lice"
"Audio: Heave Away","Of"
"Audio: Heave Away","York"
"Audio: Heave Away","Mission"
"Audio: Heave Away","Kingston"
"Audio: Heave Away","Roy"
"Audio: Heave Away","Salt Lake City"
"Audio: Heave Away","Fairbanks"
"Audio: The Whale Catchers","London"
"Audio: The Whale Catchers","Man"
"Audio: The Whale Catchers","Most"
"Audio: The Whale Catchers","Salt"
"Audio: The Whale Catchers","March"
"Audio: The Whale Catchers","London"
"Audio: The Whale Catchers","Ho"
"Audio: The Whale Catchers","Un"
"Audio: The Whale Catchers","Date"
"Audio: The Whale Catchers","Doma"
"Audio: The Whale Catchers","Boo"
"Audio: The Whale Catchers","Bo"
"Audio: The Whale Catchers","Van"
"Audio: The Whale Catchers","Lice"
"Audio: The Whale Catchers","Of"
"Audio: The Whale Catchers","Mission"
"Audio: The Whale Catchers","Green"
"Audio: The Whale Catchers","Davis"
"Audio: The Whale Catchers","Roy"
"Audio: The Whale Catchers","Salt Lake City"
"Audio: The Whale Catchers","Fairbanks"
"Audio: John Henry","Man"
"Audio: John Henry","Most"
"Audio: John Henry","Salt"
"Audio: John Henry","Ho"
"Audio: John Henry","Un"
"Audio: John Henry","Date"
"Audio: John Henry","Doma"
"Audio: John Henry","Boo"
"Audio: John Henry","Bo"
"Audio: John Henry","Van"
"Audio: John Henry","Lice"
"Audio: John Henry","Of"
"Audio: John Henry","Mission"
"Audio: John Henry","Bend"
"Audio: John Henry","Roy"
"Audio: John Henry","Salt Lake City"
"Audio: John Henry","Fairbanks"
"Audio: Liverpool Gals","Liverpool"
"Audio: Liverpool Gals","Man"
"Audio: Liverpool Gals","Most"
"Audio: Liverpool Gals","Salt"
"Audio: Liverpool Gals","York"
"Audio: Liverpool Gals","Liverpool"
"Audio: Liverpool Gals","Ho"
"Audio: Liverpool Gals","Cork"
"Audio: Liverpool Gals","Un"
"Audio: Liverpool Gals","Date"
"Audio: Liverpool Gals","Doma"
"Audio: Liverpool Gals","Boo"
"Audio: Liverpool Gals","Bo"
"Audio: Liverpool Gals","Van"
"Audio: Liverpool Gals","Lice"
"Audio: Liverpool Gals","Of"
"Audio: Liverpool Gals","Reni"
"Audio: Liverpool Gals","York"
"Audio: Liverpool Gals","Mission"
"Audio: Liverpool Gals","Roy"
"Audio: Liverpool Gals","Salt Lake City"
"Audio: Liverpool Gals","Fairbanks"
"Audio: Waltzing Matilda","Man"
"Audio: Waltzing Matilda","Most"
"Audio: Waltzing Matilda","Salt"
"Audio: Waltzing Matilda","Wa"
"Audio: Waltzing Matilda","Ho"
"Audio: Waltzing Matilda","Un"
"Audio: Waltzing Matilda","Along"
"Audio: Waltzing Matilda","Date"
"Audio: Waltzing Matilda","Bar"
"Audio: Waltzing Matilda","Doma"
"Audio: Waltzing Matilda","Mati"
"Audio: Waltzing Matilda","Boo"
"Audio: Waltzing Matilda","Bo"
"Audio: Waltzing Matilda","Van"
"Audio: Waltzing Matilda","Lice"
"Audio: Waltzing Matilda","Of"
"Audio: Waltzing Matilda","Bar"
"Audio: Waltzing Matilda","Tucker"
"Audio: Waltzing Matilda","Mission"
"Audio: Waltzing Matilda","Patterson"
"Audio: Waltzing Matilda","Roy"
"Audio: Waltzing Matilda","Salt Lake City"
"Audio: Waltzing Matilda","Fairbanks"
"Inaugural Presidential Address","Wil"
"Inaugural Presidential Address","Man"
"Inaugural Presidential Address","Most"
"Inaugural Presidential Address","Salt"
"Inaugural Presidential Address","Washington"
"Inaugural Presidential Address","Wa"
"Inaugural Presidential Address","Ho"
"Inaugural Presidential Address","Un"
"Inaugural Presidential Address","Ina"
"Inaugural Presidential Address","Date"
"Inaugural Presidential Address","Doma"
"Inaugural Presidential Address","Boo"
"Inaugural Presidential Address","Bo"
"Inaugural Presidential Address","Van"
"Inaugural Presidential Address","Soma"
"Inaugural Presidential Address","Lice"
"Inaugural Presidential Address","Of"
"Inaugural Presidential Address","Clinton"
"Inaugural Presidential Address","Clinton"
"Inaugural Presidential Address","Franklin"
"Inaugural Presidential Address","Mission"
"Inaugural Presidential Address","Jefferson"
"Inaugural Presidential Address","Franklin"
"Inaugural Presidential Address","Clinton"
"Inaugural Presidential Address","Washington"
"Inaugural Presidential Address","Franklin"
"Inaugural Presidential Address","Roosevelt"
"Inaugural Presidential Address","Franklin"
"Inaugural Presidential Address","Washington"
"Inaugural Presidential Address","Clinton"
"Inaugural Presidential Address","Roy"
"Inaugural Presidential Address","Salt Lake City"
"Inaugural Presidential Address","Fairbanks"
"Audio: We Wish You a Merry Christmas","Man"
"Audio: We Wish You a Merry Christmas","Most"
"Audio: We Wish You a Merry Christmas","Salt"
"Audio: We Wish You a Merry Christmas","Ho"
"Audio: We Wish You a Merry Christmas","Un"
"Audio: We Wish You a Merry Christmas","Date"
"Audio: We Wish You a Merry Christmas","Doma"
"Audio: We Wish You a Merry Christmas","Boo"
"Audio: We Wish You a Merry Christmas","Bo"
"Audio: We Wish You a Merry Christmas","Van"
"Audio: We Wish You a Merry Christmas","Lice"
"Audio: We Wish You a Merry Christmas","Of"
"Audio: We Wish You a Merry Christmas","Mission"
"Audio: We Wish You a Merry Christmas","Roy"
"Audio: We Wish You a Merry Christmas","Salt Lake City"
"Audio: We Wish You a Merry Christmas","Fairbanks"
"Audio: Michael Row the Boat Ashore","Man"
"Audio: Michael Row the Boat Ashore","Most"
"Audio: Michael Row the Boat Ashore","Salt"
"Audio: Michael Row the Boat Ashore","Ho"
"Audio: Michael Row the Boat Ashore","Un"
"Audio: Michael Row the Boat Ashore","Date"
"Audio: Michael Row the Boat Ashore","Doma"
"Audio: Michael Row the Boat Ashore","Boo"
"Audio: Michael Row the Boat Ashore","Bo"
"Audio: Michael Row the Boat Ashore","Van"
"Audio: Michael Row the Boat Ashore","Lice"
"Audio: Michael Row the Boat Ashore","Of"
"Audio: Michael Row the Boat Ashore","Mission"
"Audio: Michael Row the Boat Ashore","Roy"
"Audio: Michael Row the Boat Ashore","Salt Lake City"
"Audio: Michael Row the Boat Ashore","Fairbanks"
"Audio: Nancy Whiskey","Man"
"Audio: Nancy Whiskey","Most"
"Audio: Nancy Whiskey","Salt"
"Audio: Nancy Whiskey","Nancy"
"Audio: Nancy Whiskey","Glasgow"
"Audio: Nancy Whiskey","Ho"
"Audio: Nancy Whiskey","Un"
"Audio: Nancy Whiskey","Bewar"
"Audio: Nancy Whiskey","Date"
"Audio: Nancy Whiskey","Doma"
"Audio: Nancy Whiskey","Boo"
"Audio: Nancy Whiskey","Bo"
"Audio: Nancy Whiskey","Nan"
"Audio: Nancy Whiskey","Van"
"Audio: Nancy Whiskey","Lice"
"Audio: Nancy Whiskey","Of"
"Audio: Nancy Whiskey","Mission"
"Audio: Nancy Whiskey","Roy"
"Audio: Nancy Whiskey","Salt Lake City"
"Audio: Nancy Whiskey","Fairbanks"
"Audio: On the Banks of the Ohio","Man"
"Audio: On the Banks of the Ohio","Most"
"Audio: On the Banks of the Ohio","Salt"
"Audio: On the Banks of the Ohio","Ho"
"Audio: On the Banks of the Ohio","Un"
"Audio: On the Banks of the Ohio","Date"
"Audio: On the Banks of the Ohio","Doma"
"Audio: On the Banks of the Ohio","Boo"
"Audio: On the Banks of the Ohio","Bo"
"Audio: On the Banks of the Ohio","Van"
"Audio: On the Banks of the Ohio","Lice"
"Audio: On the Banks of the Ohio","Of"
"Audio: On the Banks of the Ohio","Mission"
"Audio: On the Banks of the Ohio","Roy"
"Audio: On the Banks of the Ohio","Salt Lake City"
"Audio: On the Banks of the Ohio","Fairbanks"
"Audio: I Heard the Bells on Christmas Day","Man"
"Audio: I Heard the Bells on Christmas Day","Most"
"Audio: I Heard the Bells on Christmas Day","Salt"
"Audio: I Heard the Bells on Christmas Day","Wa"
"Audio: I Heard the Bells on Christmas Day","Ho"
"Audio: I Heard the Bells on Christmas Day","Un"
"Audio: I Heard the Bells on Christmas Day","Date"
"Audio: I Heard the Bells on Christmas Day","Doma"
"Audio: I Heard the Bells on Christmas Day","Boo"
"Audio: I Heard the Bells on Christmas Day","Bo"
"Audio: I Heard the Bells on Christmas Day","Van"
"Audio: I Heard the Bells on Christmas Day","Lice"
"Audio: I Heard the Bells on Christmas Day","Of"
"Audio: I Heard the Bells on Christmas Day","Mission"
"Audio: I Heard the Bells on Christmas Day","Waltham"
"Audio: I Heard the Bells on Christmas Day","Wadsworth"
"Audio: I Heard the Bells on Christmas Day","Bell"
"Audio: I Heard the Bells on Christmas Day","Roy"
"Audio: I Heard the Bells on Christmas Day","Salt Lake City"
"Audio: I Heard the Bells on Christmas Day","Fairbanks"
"Audio: I am a Pilgrim","Man"
"Audio: I am a Pilgrim","Most"
"Audio: I am a Pilgrim","Salt"
"Audio: I am a Pilgrim","Wa"
"Audio: I am a Pilgrim","Ho"
"Audio: I am a Pilgrim","Un"
"Audio: I am a Pilgrim","Date"
"Audio: I am a Pilgrim","Doma"
"Audio: I am a Pilgrim","Boo"
"Audio: I am a Pilgrim","Bo"
"Audio: I am a Pilgrim","Van"
"Audio: I am a Pilgrim","Lice"
"Audio: I am a Pilgrim","Of"
"Audio: I am a Pilgrim","Mission"
"Audio: I am a Pilgrim","Waltham"
"Audio: I am a Pilgrim","Wadsworth"
"Audio: I am a Pilgrim","Bell"
"Audio: I am a Pilgrim","Roy"
"Audio: I am a Pilgrim","Salt Lake City"
"Audio: I am a Pilgrim","Fairbanks"
"Audio: Ride Railroad Bill","Man"
"Audio: Ride Railroad Bill","Most"
"Audio: Ride Railroad Bill","Salt"
"Audio: Ride Railroad Bill","Wa"
"Audio: Ride Railroad Bill","Ho"
"Audio: Ride Railroad Bill","Un"
"Audio: Ride Railroad Bill","Date"
"Audio: Ride Railroad Bill","Doma"
"Audio: Ride Railroad Bill","Boo"
"Audio: Ride Railroad Bill","Bo"
"Audio: Ride Railroad Bill","Van"
"Audio: Ride Railroad Bill","Lice"
"Audio: Ride Railroad Bill","Of"
"Audio: Ride Railroad Bill","Mission"
"Audio: Ride Railroad Bill","Waltham"
"Audio: Ride Railroad Bill","Wadsworth"
"Audio: Ride Railroad Bill","Bell"
"Audio: Ride Railroad Bill","Roy"
"Audio: Ride Railroad Bill","Salt Lake City"
"Audio: Ride Railroad Bill","Fairbanks"
"Jingle Bells","Man"
"Jingle Bells","Most"
"Jingle Bells","Much"
"Jingle Bells","Salt"
"Jingle Bells","Ho"
"Jingle Bells","Un"
"Jingle Bells","Contai"
"Jingle Bells","Date"
"Jingle Bells","Doma"
"Jingle Bells","Boo"
"Jingle Bells","Bo"
"Jingle Bells","Van"
"Jingle Bells","Lice"
"Jingle Bells","Of"
"Jingle Bells","Mission"
"Jingle Bells","Bell"
"Jingle Bells","Roy"
"Jingle Bells","Salt Lake City"
"Jingle Bells","Fairbanks"
"Audio: Go Tell Aunt Rhodie","Man"
"Audio: Go Tell Aunt Rhodie","Most"
"Audio: Go Tell Aunt Rhodie","Salt"
"Audio: Go Tell Aunt Rhodie","Ho"
"Audio: Go Tell Aunt Rhodie","Un"
"Audio: Go Tell Aunt Rhodie","Rho"
"Audio: Go Tell Aunt Rhodie","Date"
"Audio: Go Tell Aunt Rhodie","Doma"
"Audio: Go Tell Aunt Rhodie","Boo"
"Audio: Go Tell Aunt Rhodie","Bo"
"Audio: Go Tell Aunt Rhodie","Van"
"Audio: Go Tell Aunt Rhodie","Lice"
"Audio: Go Tell Aunt Rhodie","Of"
"Audio: Go Tell Aunt Rhodie","Mission"
"Audio: Go Tell Aunt Rhodie","Roy"
"Audio: Go Tell Aunt Rhodie","Salt Lake City"
"Audio: Go Tell Aunt Rhodie","Fairbanks"
"Audio: Roddy McCorley","Man"
"Audio: Roddy McCorley","Most"
"Audio: Roddy McCorley","Salt"
"Audio: Roddy McCorley","Antrim"
"Audio: Roddy McCorley","Ho"
"Audio: Roddy McCorley","Un"
"Audio: Roddy McCorley","Date"
"Audio: Roddy McCorley","Doma"
"Audio: Roddy McCorley","Boo"
"Audio: Roddy McCorley","Bo"
"Audio: Roddy McCorley","Van"
"Audio: Roddy McCorley","Lice"
"Audio: Roddy McCorley","Of"
"Audio: Roddy McCorley","Mission"
"Audio: Roddy McCorley","Roy"
"Audio: Roddy McCorley","Salt Lake City"
"Audio: Roddy McCorley","Fairbanks"
"The Raven","Man"
"The Raven","Most"
"The Raven","Much"
"The Raven","Salt"
"The Raven","Ho"
"The Raven","Un"
"The Raven","Date"
"The Raven","Doma"
"The Raven","Sur"
"The Raven","Boo"
"The Raven","Bo"
"The Raven","Tak"
"The Raven","Van"
"The Raven","Lice"
"The Raven","Of"
"The Raven","Mission"
"The Raven","Roy"
"The Raven","Salt Lake City"
"The Raven","Fairbanks"
"Audio: When the Saints Go Marching In","Man"
"Audio: When the Saints Go Marching In","Most"
"Audio: When the Saints Go Marching In","Salt"
"Audio: When the Saints Go Marching In","March"
"Audio: When the Saints Go Marching In","Wa"
"Audio: When the Saints Go Marching In","Ho"
"Audio: When the Saints Go Marching In","Un"
"Audio: When the Saints Go Marching In","Date"
"Audio: When the Saints Go Marching In","Doma"
"Audio: When the Saints Go Marching In","Boo"
"Audio: When the Saints Go Marching In","Bo"
"Audio: When the Saints Go Marching In","Van"
"Audio: When the Saints Go Marching In","Lice"
"Audio: When the Saints Go Marching In","Of"
"Audio: When the Saints Go Marching In","Mission"
"Audio: When the Saints Go Marching In","Roy"
"Audio: When the Saints Go Marching In","Salt Lake City"
"Audio: When the Saints Go Marching In","Fairbanks"
"Audio: Shenandoah","Man"
"Audio: Shenandoah","Most"
"Audio: Shenandoah","Salt"
"Audio: Shenandoah","Wa"
"Audio: Shenandoah","Ho"
"Audio: Shenandoah","Un"
"Audio: Shenandoah","Date"
"Audio: Shenandoah","Doma"
"Audio: Shenandoah","Boo"
"Audio: Shenandoah","Bo"
"Audio: Shenandoah","Van"
"Audio: Shenandoah","Lice"
"Audio: Shenandoah","Of"
"Audio: Shenandoah","Shenandoah"
"Audio: Shenandoah","Mission"
"Audio: Shenandoah","Roy"
"Audio: Shenandoah","Salt Lake City"
"Audio: Shenandoah","Fairbanks"
"Audio: Spanish is the Loving Tongue","Man"
"Audio: Spanish is the Loving Tongue","Most"
"Audio: Spanish is the Loving Tongue","Salt"
"Audio: Spanish is the Loving Tongue","Ho"
"Audio: Spanish is the Loving Tongue","Un"
"Audio: Spanish is the Loving Tongue","Date"
"Audio: Spanish is the Loving Tongue","Doma"
"Audio: Spanish is the Loving Tongue","Boo"
"Audio: Spanish is the Loving Tongue","Bo"
"Audio: Spanish is the Loving Tongue","Van"
"Audio: Spanish is the Loving Tongue","Lice"
"Audio: Spanish is the Loving Tongue","Of"
"Audio: Spanish is the Loving Tongue","Mission"
"Audio: Spanish is the Loving Tongue","Roy"
"Audio: Spanish is the Loving Tongue","Salt Lake City"
"Audio: Spanish is the Loving Tongue","Fairbanks"
"Audio: Spanish is the Loving Tongue","Badger"
"Audio: The Squid-Jigging Ground","Man"
"Audio: The Squid-Jigging Ground","Most"
"Audio: The Squid-Jigging Ground","Salt"
"Audio: The Squid-Jigging Ground","Ho"
"Audio: The Squid-Jigging Ground","Un"
"Audio: The Squid-Jigging Ground","Date"
"Audio: The Squid-Jigging Ground","Bar"
"Audio: The Squid-Jigging Ground","Doma"
"Audio: The Squid-Jigging Ground","Boo"
"Audio: The Squid-Jigging Ground","Bo"
"Audio: The Squid-Jigging Ground","Van"
"Audio: The Squid-Jigging Ground","Lice"
"Audio: The Squid-Jigging Ground","Of"
"Audio: The Squid-Jigging Ground","Bar"
"Audio: The Squid-Jigging Ground","Mission"
"Audio: The Squid-Jigging Ground","Roy"
"Audio: The Squid-Jigging Ground","Salt Lake City"
"Audio: The Squid-Jigging Ground","Fairbanks"
"Audio: The St. James Infirmary Blues","Man"
"Audio: The St. James Infirmary Blues","Most"
"Audio: The St. James Infirmary Blues","Salt"
"Audio: The St. James Infirmary Blues","Ho"
"Audio: The St. James Infirmary Blues","Un"
"Audio: The St. James Infirmary Blues","Date"
"Audio: The St. James Infirmary Blues","Doma"
"Audio: The St. James Infirmary Blues","Boo"
"Audio: The St. James Infirmary Blues","Bo"
"Audio: The St. James Infirmary Blues","Van"
"Audio: The St. James Infirmary Blues","Lice"
"Audio: The St. James Infirmary Blues","Of"
"Audio: The St. James Infirmary Blues","Mission"
"Audio: The St. James Infirmary Blues","Roy"
"Audio: The St. James Infirmary Blues","Salt Lake City"
"Audio: The St. James Infirmary Blues","Fairbanks"
"The Picture Alphabet","Man"
"The Picture Alphabet","Most"
"The Picture Alphabet","Salt"
"The Picture Alphabet","Wa"
"The Picture Alphabet","Ho"
"The Picture Alphabet","Un"
"The Picture Alphabet","Mon"
"The Picture Alphabet","Date"
"The Picture Alphabet","Doma"
"The Picture Alphabet","Goa"
"The Picture Alphabet","Boo"
"The Picture Alphabet","Bo"
"The Picture Alphabet","Van"
"The Picture Alphabet","Lice"
"The Picture Alphabet","Of"
"The Picture Alphabet","Bear"
"The Picture Alphabet","Mission"
"The Picture Alphabet","Antelope"
"The Picture Alphabet","Eagle"
"The Picture Alphabet","Roy"
"The Picture Alphabet","Salt Lake City"
"The Picture Alphabet","Fairbanks"
"The Circus Procession","Man"
"The Circus Procession","Most"
"The Circus Procession","Salt"
"The Circus Procession","March"
"The Circus Procession","Shetland"
"The Circus Procession","Ho"
"The Circus Procession","Un"
"The Circus Procession","Mon"
"The Circus Procession","Maki"
"The Circus Procession","Date"
"The Circus Procession","Doma"
"The Circus Procession","Sur"
"The Circus Procession","Goa"
"The Circus Procession","Roman"
"The Circus Procession","Boo"
"The Circus Procession","Bo"
"The Circus Procession","Van"
"The Circus Procession","Lice"
"The Circus Procession","Of"
"The Circus Procession","Bear"
"The Circus Procession","Mission"
"The Circus Procession","Roy"
"The Circus Procession","Salt Lake City"
"The Circus Procession","Fairbanks"
"Little Sarah","Man"
"Little Sarah","Florida"
"Little Sarah","Florida"
"Little Sarah","Most"
"Little Sarah","Salt"
"Little Sarah","Ho"
"Little Sarah","Un"
"Little Sarah","Date"
"Little Sarah","Doma"
"Little Sarah","David"
"Little Sarah","Boo"
"Little Sarah","Bo"
"Little Sarah","Van"
"Little Sarah","Lice"
"Little Sarah","Of"
"Little Sarah","Mission"
"Little Sarah","Roy"
"Little Sarah","Salt Lake City"
"Little Sarah","Fairbanks"
"Little Sarah","University"
"Little Sarah","Florida"
"Audio: Pretty Saro","Man"
"Audio: Pretty Saro","Most"
"Audio: Pretty Saro","Salt"
"Audio: Pretty Saro","Ho"
"Audio: Pretty Saro","Un"
"Audio: Pretty Saro","Date"
"Audio: Pretty Saro","Doma"
"Audio: Pretty Saro","Boo"
"Audio: Pretty Saro","Bo"
"Audio: Pretty Saro","Van"
"Audio: Pretty Saro","Lice"
"Audio: Pretty Saro","Of"
"Audio: Pretty Saro","Mission"
"Audio: Pretty Saro","Roy"
"Audio: Pretty Saro","Salt Lake City"
"Audio: Pretty Saro","Fairbanks"
"Audio: Star-Spangled Banner","Man"
"Audio: Star-Spangled Banner","Most"
"Audio: Star-Spangled Banner","Salt"
"Audio: Star-Spangled Banner","Stafford"
"Audio: Star-Spangled Banner","Ho"
"Audio: Star-Spangled Banner","Un"
"Audio: Star-Spangled Banner","Date"
"Audio: Star-Spangled Banner","Doma"
"Audio: Star-Spangled Banner","Boo"
"Audio: Star-Spangled Banner","Bo"
"Audio: Star-Spangled Banner","Van"
"Audio: Star-Spangled Banner","Lice"
"Audio: Star-Spangled Banner","Of"
"Audio: Star-Spangled Banner","Mission"
"Audio: Star-Spangled Banner","Stafford"
"Audio: Star-Spangled Banner","Roy"
"Audio: Star-Spangled Banner","Salt Lake City"
"Audio: Star-Spangled Banner","Fairbanks"
"Audio: Tarrytown","Man"
"Audio: Tarrytown","Most"
"Audio: Tarrytown","Salt"
"Audio: Tarrytown","Ho"
"Audio: Tarrytown","Un"
"Audio: Tarrytown","Date"
"Audio: Tarrytown","Doma"
"Audio: Tarrytown","Boo"
"Audio: Tarrytown","Bo"
"Audio: Tarrytown","Van"
"Audio: Tarrytown","Lice"
"Audio: Tarrytown","Of"
"Audio: Tarrytown","Mission"
"Audio: Tarrytown","Roy"
"Audio: Tarrytown","Salt Lake City"
"Audio: Tarrytown","Fairbanks"
"The Lullaby, With Original Engravings","Jona"
"The Lullaby, With Original Engravings","Man"
"The Lullaby, With Original Engravings","Most"
"The Lullaby, With Original Engravings","Much"
"The Lullaby, With Original Engravings","Salt"
"The Lullaby, With Original Engravings","Wa"
"The Lullaby, With Original Engravings","Ho"
"The Lullaby, With Original Engravings","Un"
"The Lullaby, With Original Engravings","Date"
"The Lullaby, With Original Engravings","Doma"
"The Lullaby, With Original Engravings","David"
"The Lullaby, With Original Engravings","Boo"
"The Lullaby, With Original Engravings","Bo"
"The Lullaby, With Original Engravings","Van"
"The Lullaby, With Original Engravings","Lice"
"The Lullaby, With Original Engravings","Of"
"The Lullaby, With Original Engravings","Mission"
"The Lullaby, With Original Engravings","Roy"
"The Lullaby, With Original Engravings","Salt Lake City"
"The Lullaby, With Original Engravings","Fairbanks"
"Footsteps on the Road to Learning;","Man"
"Footsteps on the Road to Learning;","Florida"
"Footsteps on the Road to Learning;","Florida"
"Footsteps on the Road to Learning;","Most"
"Footsteps on the Road to Learning;","Vic"
"Footsteps on the Road to Learning;","Salt"
"Footsteps on the Road to Learning;","Hull"
"Footsteps on the Road to Learning;","Wa"
"Footsteps on the Road to Learning;","Ho"
"Footsteps on the Road to Learning;","Un"
"Footsteps on the Road to Learning;","Pen"
"Footsteps on the Road to Learning;","Bra"
"Footsteps on the Road to Learning;","Date"
"Footsteps on the Road to Learning;","Bar"
"Footsteps on the Road to Learning;","Doma"
"Footsteps on the Road to Learning;","David"
"Footsteps on the Road to Learning;","Boo"
"Footsteps on the Road to Learning;","Bo"
"Footsteps on the Road to Learning;","Pout"
"Footsteps on the Road to Learning;","Mary"
"Footsteps on the Road to Learning;","Van"
"Footsteps on the Road to Learning;","Lice"
"Footsteps on the Road to Learning;","Of"
"Footsteps on the Road to Learning;","Bar"
"Footsteps on the Road to Learning;","Mission"
"Footsteps on the Road to Learning;","Roy"
"Footsteps on the Road to Learning;","Salt Lake City"
"Footsteps on the Road to Learning;","Fairbanks"
"Footsteps on the Road to Learning;","University"
"Footsteps on the Road to Learning;","Florida"
"Child's New Story Book;","Man"
"Child's New Story Book;","Florida"
"Child's New Story Book;","Florida"
"Child's New Story Book;","Most"
"Child's New Story Book;","Salt"
"Child's New Story Book;","York"
"Child's New Story Book;","Ho"
"Child's New Story Book;","Un"
"Child's New Story Book;","Date"
"Child's New Story Book;","Doma"
"Child's New Story Book;","Boo"
"Child's New Story Book;","Bo"
"Child's New Story Book;","Mary"
"Child's New Story Book;","Van"
"Child's New Story Book;","Lice"
"Child's New Story Book;","Of"
"Child's New Story Book;","Frederick"
"Child's New Story Book;","York"
"Child's New Story Book;","Mission"
"Child's New Story Book;","Bloomfield"
"Child's New Story Book;","Roy"
"Child's New Story Book;","Salt Lake City"
"Child's New Story Book;","Fairbanks"
"Child's New Story Book;","University"
"Child's New Story Book;","Florida"
"The Young Captives","Wil"
"The Young Captives","Man"
"The Young Captives","Florida"
"The Young Captives","Florida"
"The Young Captives","Most"
"The Young Captives","Salt"
"The Young Captives","Dover"
"The Young Captives","Ho"
"The Young Captives","Un"
"The Young Captives","Date"
"The Young Captives","Doma"
"The Young Captives","Narra"
"The Young Captives","Boo"
"The Young Captives","Bo"
"The Young Captives","Van"
"The Young Captives","Lice"
"The Young Captives","Of"
"The Young Captives","Dover"
"The Young Captives","Mission"
"The Young Captives","Dover"
"The Young Captives","Dover"
"The Young Captives","Providence"
"The Young Captives","Roy"
"The Young Captives","Salt Lake City"
"The Young Captives","Fairbanks"
"The Young Captives","University"
"The Young Captives","Young"
"The Young Captives","Florida"
"The Illustrated Alphabet of Birds","Man"
"The Illustrated Alphabet of Birds","Florida"
"The Illustrated Alphabet of Birds","Andes"
"The Illustrated Alphabet of Birds","Florida"
"The Illustrated Alphabet of Birds","Most"
"The Illustrated Alphabet of Birds","Ibi"
"The Illustrated Alphabet of Birds","Salt"
"The Illustrated Alphabet of Birds","Ho"
"The Illustrated Alphabet of Birds","Un"
"The Illustrated Alphabet of Birds","Lar"
"The Illustrated Alphabet of Birds","Date"
"The Illustrated Alphabet of Birds","Ibi"
"The Illustrated Alphabet of Birds","Doma"
"The Illustrated Alphabet of Birds","Bor"
"The Illustrated Alphabet of Birds","Bor"
"The Illustrated Alphabet of Birds","Boo"
"The Illustrated Alphabet of Birds","Bo"
"The Illustrated Alphabet of Birds","Bor"
"The Illustrated Alphabet of Birds","Van"
"The Illustrated Alphabet of Birds","Lice"
"The Illustrated Alphabet of Birds","Bor"
"The Illustrated Alphabet of Birds","Of"
"The Illustrated Alphabet of Birds","Baltimore"
"The Illustrated Alphabet of Birds","Mission"
"The Illustrated Alphabet of Birds","Baldwin"
"The Illustrated Alphabet of Birds","Baldwin"
"The Illustrated Alphabet of Birds","Eagle"
"The Illustrated Alphabet of Birds","Roy"
"The Illustrated Alphabet of Birds","Salt Lake City"
"The Illustrated Alphabet of Birds","Fairbanks"
"The Illustrated Alphabet of Birds","University"
"The Illustrated Alphabet of Birds","Florida"
"Fun and Nonsense","Hamme"
"Fun and Nonsense","Ans"
"Fun and Nonsense","Wil"
"Fun and Nonsense","Man"
"Fun and Nonsense","Most"
"Fun and Nonsense","Hamm"
"Fun and Nonsense","Salt"
"Fun and Nonsense","Wa"
"Fun and Nonsense","Ho"
"Fun and Nonsense","Un"
"Fun and Nonsense","Pen"
"Fun and Nonsense","Mon"
"Fun and Nonsense","Date"
"Fun and Nonsense","Bar"
"Fun and Nonsense","Doma"
"Fun and Nonsense","David"
"Fun and Nonsense","Boo"
"Fun and Nonsense","Bo"
"Fun and Nonsense","Tak"
"Fun and Nonsense","Van"
"Fun and Nonsense","Lice"
"Fun and Nonsense","Of"
"Fun and Nonsense","Bar"
"Fun and Nonsense","Mission"
"Fun and Nonsense","Green"
"Fun and Nonsense","Roy"
"Fun and Nonsense","Salt Lake City"
"Fun and Nonsense","Fairbanks"
"Fun and Nonsense","Melo"
"Happy and Gay Marching Away","Wil"
"Happy and Gay Marching Away","Man"
"Happy and Gay Marching Away","Most"
"Happy and Gay Marching Away","Salt"
"Happy and Gay Marching Away","March"
"Happy and Gay Marching Away","Ho"
"Happy and Gay Marching Away","Un"
"Happy and Gay Marching Away","Date"
"Happy and Gay Marching Away","Doma"
"Happy and Gay Marching Away","David"
"Happy and Gay Marching Away","Gay"
"Happy and Gay Marching Away","Boo"
"Happy and Gay Marching Away","Bo"
"Happy and Gay Marching Away","Van"
"Happy and Gay Marching Away","Tire"
"Happy and Gay Marching Away","Lice"
"Happy and Gay Marching Away","Of"
"Happy and Gay Marching Away","Mission"
"Happy and Gay Marching Away","Roy"
"Happy and Gay Marching Away","Salt Lake City"
"Happy and Gay Marching Away","Fairbanks"
"Cyclopedia of Philosophy","Man"
"Cyclopedia of Philosophy","Most"
"Cyclopedia of Philosophy","Salt"
"Cyclopedia of Philosophy","Ho"
"Cyclopedia of Philosophy","Un"
"Cyclopedia of Philosophy","Date"
"Cyclopedia of Philosophy","Doma"
"Cyclopedia of Philosophy","Boo"
"Cyclopedia of Philosophy","Bo"
"Cyclopedia of Philosophy","Van"
"Cyclopedia of Philosophy","Lice"
"Cyclopedia of Philosophy","Of"
"Cyclopedia of Philosophy","Mission"
"Cyclopedia of Philosophy","Roy"
"Cyclopedia of Philosophy","Salt Lake City"
"Cyclopedia of Philosophy","Fairbanks"
"Cyclopedia of Economics","Man"
"Cyclopedia of Economics","Most"
"Cyclopedia of Economics","Salt"
"Cyclopedia of Economics","Ho"
"Cyclopedia of Economics","Un"
"Cyclopedia of Economics","Date"
"Cyclopedia of Economics","Doma"
"Cyclopedia of Economics","Boo"
"Cyclopedia of Economics","Bo"
"Cyclopedia of Economics","Van"
"Cyclopedia of Economics","Lice"
"Cyclopedia of Economics","Of"
"Cyclopedia of Economics","Mission"
"Cyclopedia of Economics","Roy"
"Cyclopedia of Economics","Salt Lake City"
"Cyclopedia of Economics","Fairbanks"
"The Story of the Prophet Jonas","Wil"
"The Story of the Prophet Jonas","Jona"
"The Story of the Prophet Jonas","Man"
"The Story of the Prophet Jonas","Most"
"The Story of the Prophet Jonas","Salt"
"The Story of the Prophet Jonas","Ho"
"The Story of the Prophet Jonas","Un"
"The Story of the Prophet Jonas","Ami"
"The Story of the Prophet Jonas","Date"
"The Story of the Prophet Jonas","Doma"
"The Story of the Prophet Jonas","Tynda"
"The Story of the Prophet Jonas","Boo"
"The Story of the Prophet Jonas","Bo"
"The Story of the Prophet Jonas","Van"
"The Story of the Prophet Jonas","Lice"
"The Story of the Prophet Jonas","Of"
"The Story of the Prophet Jonas","Mission"
"The Story of the Prophet Jonas","Roy"
"The Story of the Prophet Jonas","Salt Lake City"
"The Story of the Prophet Jonas","Fairbanks"
"The Tale of Mrs. Tiggy-Winkle","Mari"
"The Tale of Mrs. Tiggy-Winkle","Wil"
"The Tale of Mrs. Tiggy-Winkle","Man"
"The Tale of Mrs. Tiggy-Winkle","Most"
"The Tale of Mrs. Tiggy-Winkle","Salt"
"The Tale of Mrs. Tiggy-Winkle","Nice"
"The Tale of Mrs. Tiggy-Winkle","Ho"
"The Tale of Mrs. Tiggy-Winkle","Un"
"The Tale of Mrs. Tiggy-Winkle","Date"
"The Tale of Mrs. Tiggy-Winkle","San"
"The Tale of Mrs. Tiggy-Winkle","Doma"
"The Tale of Mrs. Tiggy-Winkle","Laur"
"The Tale of Mrs. Tiggy-Winkle","Boo"
"The Tale of Mrs. Tiggy-Winkle","Bo"
"The Tale of Mrs. Tiggy-Winkle","Van"
"The Tale of Mrs. Tiggy-Winkle","Lice"
"The Tale of Mrs. Tiggy-Winkle","Of"
"The Tale of Mrs. Tiggy-Winkle","Mission"
"The Tale of Mrs. Tiggy-Winkle","Bell"
"The Tale of Mrs. Tiggy-Winkle","Roy"
"The Tale of Mrs. Tiggy-Winkle","Salt Lake City"
"The Tale of Mrs. Tiggy-Winkle","Fairbanks"
"The House That Jack Built","Man"
"The House That Jack Built","Most"
"The House That Jack Built","Salt"
"The House That Jack Built","Banbury"
"The House That Jack Built","Wa"
"The House That Jack Built","Ho"
"The House That Jack Built","Un"
"The House That Jack Built","Contai"
"The House That Jack Built","Date"
"The House That Jack Built","Doma"
"The House That Jack Built","Boo"
"The House That Jack Built","Bo"
"The House That Jack Built","Mary"
"The House That Jack Built","Van"
"The House That Jack Built","Lice"
"The House That Jack Built","Of"
"The House That Jack Built","Canton"
